{
    "_ColorR": 1.0,
    "_ColorG": 0.8402500152587891,
    "_ColorB": 0.5801886320114136,
    "_RampLevels": 50.0,
    "_LightScalar": 1.3799999952316285,
    "_HighColorR": 1.0,
    "_HighColorG": 1.0,
    "_HighColorB": 1.0,
    "_HighIntensity": 2.549999952316284,
    "_LowColorR": 1.0,
    "_LowColorG": 0.849858283996582,
    "_LowColorB": 0.6273584961891174,
    "_LowIntensity": 1.2799999713897706,
    "_OutlineColorR": 0.0,
    "_OutlineColorG": 0.0,
    "_OutlineColorB": 0.0,
    "_OutlineSize": 0.0,
    "_RimColorR": 0.0,
    "_RimColorG": 0.0,
    "_RimColorB": 0.0,
    "_RimAlpha": 0.16200000047683717,
    "_RimPower": 0.2590000033378601,
    "_RimDropOff": 0.421999990940094,
    "_FresnelColorR": 1.0,
    "_FresnelColorG": 1.0,
    "_FresnelColorB": 1.0,
    "_FresnelBrightness": 0.027000000700354577,
    "_FresnelPower": 0.8119999766349793,
    "_FresnelShadowDropoff": 0.0,
    "_GradYCap": 0.0,
    "_GradIntensity": 0.0
}